vowel_id,orthographic_pattern,kind,length,syllable_context,phonemic_ipa,surface_ipa,ukrainian_candidates,selected_ukrainian,status
V-01,อิ,monophthong,short,open,i,i,і,і,core
V-01,อิ,monophthong,short,closed,i,i,і,і,core
V-02,อี,monophthong,long,open,iː,iː,і,і,core
V-02,อี,monophthong,long,closed,iː,iː,і,і,core
V-03,เอะ,monophthong,short,open,e,e,е,е,core
V-03,เอะ,monophthong,short,closed,e,e,е,е,core
V-04,เอ,monophthong,long,open,eː,eː,е,е,core
V-04,เอ,monophthong,long,closed,eː,eː,е,е,core
V-05,แอะ,monophthong,short,open,ɛ,ɛ,е,е,core
V-05,แอะ,monophthong,short,closed,ɛ,ɛ,е,е,core
V-06,แอ,monophthong,long,open,ɛː,ɛː,е,е,core
V-06,แอ,monophthong,long,closed,ɛː,ɛː,е,е,core
V-07,อึ,monophthong,short,open,ɯ,ɯ,и,и,core
V-07,อึ,monophthong,short,closed,ɯ,ɯ,и,и,core
V-08,อือ,monophthong,long,open,ɯː,ɯː,и,и,core
V-08,อือ,monophthong,long,closed,ɯː,ɯː,и,и,core
V-09,เออะ,monophthong,short,open,ɤ,ɤ,е|и,е,core
V-09,เออะ,monophthong,short,closed,ɤ,ɤ,е|и,е,core
V-10,เออ,monophthong,long,open,ɤː,ɤː,е|и,е,core
V-10,เออ,monophthong,long,closed,ɤː,ɤː,е|и,е,core
V-11,อะ,monophthong,short,open,a,a,а,а,core
V-11,อะ,monophthong,short,closed,a,a,а,а,core
V-12,อา,monophthong,long,open,aː,aː,а,а,core
V-12,อา,monophthong,long,closed,aː,aː,а,а,core
V-13,อุ,monophthong,short,open,u,u,у,у,core
V-13,อุ,monophthong,short,closed,u,u,у,у,core
V-14,อู,monophthong,long,open,uː,uː,у,у,core
V-14,อู,monophthong,long,closed,uː,uː,у,у,core
V-15,โอะ,monophthong,short,open,o,o,о,о,core
V-15,โอะ,monophthong,short,closed,o,o,о,о,core
V-16,โอ,monophthong,long,open,oː,oː,о,о,core
V-16,โอ,monophthong,long,closed,oː,oː,о,о,core
V-17,เอาะ,monophthong,short,open,ɔ,ɔ,о,о,core
V-17,เอาะ,monophthong,short,closed,ɔ,ɔ,о,о,core
V-18,ออ,monophthong,long,open,ɔː,ɔː,о,о,core
V-18,ออ,monophthong,long,closed,ɔː,ɔː,о,о,core
V-19,เอียะ,diphthong,short,open,ia,ia,іа,іа,analysis-dependent
V-19,เอียะ,diphthong,short,closed,ia,ia,іа,іа,analysis-dependent
V-20,เอีย,diphthong,long,open,iaː,iaː,іа,іа,analysis-dependent
V-20,เอีย,diphthong,long,closed,iaː,iaː,іа,іа,analysis-dependent
V-21,เอือะ,diphthong,short,open,ɯa,ɯa,иа,иа,analysis-dependent
V-21,เอือะ,diphthong,short,closed,ɯa,ɯa,иа,иа,analysis-dependent
V-22,เอือ,diphthong,long,open,ɯaː,ɯaː,иа,иа,analysis-dependent
V-22,เอือ,diphthong,long,closed,ɯaː,ɯaː,иа,иа,analysis-dependent
V-23,อัวะ,diphthong,short,open,ua,ua,уа,уа,analysis-dependent
V-23,อัวะ,diphthong,short,closed,ua,ua,уа,уа,analysis-dependent
V-24,อัว,diphthong,long,open,uaː,uaː,уа,уа,analysis-dependent
V-24,อัว,diphthong,long,closed,uaː,uaː,уа,уа,analysis-dependent
V-X-AI,ไ/ใ,diphthong,long,open,aj,aj,ай,ай,context-dependent
V-X-AI,ไ/ใ,diphthong,long,closed,aj,aj,ай,ай,context-dependent
V-X-AM,ำ,complex,short,open,am,am,ам,ам,context-dependent
V-X-AM,ำ,complex,short,closed,am,am,ам,ам,context-dependent
V-X-AJ,อ-ย,glide_sequence,long,open,aːj,aːj,ай,ай,analysis-dependent
V-X-AJ,อ-ย,glide_sequence,long,closed,aːj,aːj,ай,ай,analysis-dependent
V-X-AW,อ-ว,glide_sequence,long,open,aːw,aːw,ав,ав,analysis-dependent
V-X-AW,อ-ว,glide_sequence,long,closed,aːw,aːw,ав,ав,analysis-dependent
V-X-IW,อิ-ว,glide_sequence,short,open,iw,iw,ів,ів,analysis-dependent
V-X-IW,อิ-ว,glide_sequence,short,closed,iw,iw,ів,ів,analysis-dependent
V-X-UJ,อุ-ย,glide_sequence,short,open,uj,uj,уй,уй,analysis-dependent
V-X-UJ,อุ-ย,glide_sequence,short,closed,uj,uj,уй,уй,analysis-dependent
V-X-EW,เ-็ว,glide_sequence,short,open,ew,ew,ев,ев,analysis-dependent
V-X-EW,เ-็ว,glide_sequence,short,closed,ew,ew,ев,ев,analysis-dependent
V-X-EW-L,เอ-ว,glide_sequence,long,open,eːw,eːw,ев,ев,analysis-dependent
V-X-EW-L,เอ-ว,glide_sequence,long,closed,eːw,eːw,ев,ев,analysis-dependent
V-X-EAW,แ-ว,glide_sequence,long,open,ɛːw,ɛːw,ев,ев,analysis-dependent
V-X-EAW,แ-ว,glide_sequence,long,closed,ɛːw,ɛːw,ев,ев,analysis-dependent
V-X-EY,เ-ย,glide_sequence,long,open,ɤːj,ɤːj,ей|ий,ей,analysis-dependent
V-X-EY,เ-ย,glide_sequence,long,closed,ɤːj,ɤːj,ей|ий,ей,analysis-dependent
V-X-OY,อ-ย,glide_sequence,long,open,ɔːj,ɔːj,ой,ой,analysis-dependent
V-X-OY,อ-ย,glide_sequence,long,closed,ɔːj,ɔːj,ой,ой,analysis-dependent
V-X-OJ,โ-ย,glide_sequence,long,open,oːj,oːj,ой,ой,analysis-dependent
V-X-OJ,โ-ย,glide_sequence,long,closed,oːj,oːj,ой,ой,analysis-dependent
V-X-AW-S,เ-า,glide_sequence,short,open,aw,aw,ав,ав,analysis-dependent
V-X-AW-S,เ-า,glide_sequence,short,closed,aw,aw,ав,ав,analysis-dependent
V-X-IAW,เ-ียว,glide_sequence,long,open,iaw,iaw,іав,іав,analysis-dependent
V-X-IAW,เ-ียว,glide_sequence,long,closed,iaw,iaw,іав,іав,analysis-dependent
V-X-UAJ,อัว-ย,glide_sequence,long,open,uaj,uaj,уай,уай,analysis-dependent
V-X-UAJ,อัว-ย,glide_sequence,long,closed,uaj,uaj,уай,уай,analysis-dependent
V-X-UEY,ือ-ย,glide_sequence,long,open,ɯaj,ɯaj,иай,иай,analysis-dependent
V-X-UEY,ือ-ย,glide_sequence,long,closed,ɯaj,ɯaj,иай,иай,analysis-dependent
