grapheme,role,syllable_position,class,phonemic_ipa,surface_ipa,coda_allowed,ukrainian_candidates,selected_ukrainian,notes,evidence_status
ก,onset,syllable-initial,mid,k,k,true,к,к,,registry
ก,coda,syllable-final,mid,k,k̚,true,к,к,,registry
ข,onset,syllable-initial,high,kʰ,kʰ,true,к,к,,registry
ข,coda,syllable-final,high,k,k̚,true,к,к,,registry
ฃ,onset,syllable-initial,high,kʰ,kʰ,true,к,к,obsolete,registry
ฃ,coda,syllable-final,high,k,k̚,true,к,к,obsolete,registry
ค,onset,syllable-initial,low,kʰ,kʰ,true,к,к,,registry
ค,coda,syllable-final,low,k,k̚,true,к,к,,registry
ฅ,onset,syllable-initial,low,kʰ,kʰ,true,к,к,obsolete,registry
ฅ,coda,syllable-final,low,k,k̚,true,к,к,obsolete,registry
ฆ,onset,syllable-initial,low,kʰ,kʰ,true,к,к,,registry
ฆ,coda,syllable-final,low,k,k̚,true,к,к,,registry
ง,onset,syllable-initial,low,ŋ,ŋ,true,нг,нг,,registry
ง,coda,syllable-final,low,ŋ,ŋ,true,нг,нг,,registry
จ,onset,syllable-initial,mid,tɕ,tɕ,true,ч,ч,,registry
จ,coda,syllable-final,mid,t,t̚,true,т,т,,registry
ฉ,onset,syllable-initial,high,tɕʰ,tɕʰ,false,ч,ч,,registry
ช,onset,syllable-initial,low,tɕʰ,tɕʰ,true,ч,ч,,registry
ช,coda,syllable-final,low,t,t̚,true,т,т,,registry
ซ,onset,syllable-initial,low,s,s,true,с,с,,registry
ซ,coda,syllable-final,low,t,t̚,true,т,т,,registry
ฌ,onset,syllable-initial,low,tɕʰ,tɕʰ,true,ч,ч,,registry
ฌ,coda,syllable-final,low,t,t̚,true,т,т,,registry
ญ,onset,syllable-initial,low,j,j,true,й,й,,registry
ญ,coda,syllable-final,low,n,n,true,н,н,,registry
ฎ,onset,syllable-initial,mid,d,d,true,д,д,,registry
ฎ,coda,syllable-final,mid,t,t̚,true,т,т,,registry
ฏ,onset,syllable-initial,mid,t,t,true,т,т,,registry
ฏ,coda,syllable-final,mid,t,t̚,true,т,т,,registry
ฐ,onset,syllable-initial,high,tʰ,tʰ,true,т,т,,registry
ฐ,coda,syllable-final,high,t,t̚,true,т,т,,registry
ฑ,onset,syllable-initial,low,tʰ,tʰ,true,т,т,,registry
ฑ,coda,syllable-final,low,t,t̚,true,т,т,,registry
ฒ,onset,syllable-initial,low,tʰ,tʰ,true,т,т,,registry
ฒ,coda,syllable-final,low,t,t̚,true,т,т,,registry
ณ,onset,syllable-initial,low,n,n,true,н,н,,registry
ณ,coda,syllable-final,low,n,n,true,н,н,,registry
ด,onset,syllable-initial,mid,d,d,true,д,д,,registry
ด,coda,syllable-final,mid,t,t̚,true,т,т,,registry
ต,onset,syllable-initial,mid,t,t,true,т,т,,registry
ต,coda,syllable-final,mid,t,t̚,true,т,т,,registry
ถ,onset,syllable-initial,high,tʰ,tʰ,true,т,т,,registry
ถ,coda,syllable-final,high,t,t̚,true,т,т,,registry
ท,onset,syllable-initial,low,tʰ,tʰ,true,т,т,,registry
ท,coda,syllable-final,low,t,t̚,true,т,т,,registry
ธ,onset,syllable-initial,low,tʰ,tʰ,true,т,т,,registry
ธ,coda,syllable-final,low,t,t̚,true,т,т,,registry
น,onset,syllable-initial,low,n,n,true,н,н,,registry
น,coda,syllable-final,low,n,n,true,н,н,,registry
บ,onset,syllable-initial,mid,b,b,true,б,б,,registry
บ,coda,syllable-final,mid,p,p̚,true,п,п,,registry
ป,onset,syllable-initial,mid,p,p,true,п,п,,registry
ป,coda,syllable-final,mid,p,p̚,true,п,п,,registry
ผ,onset,syllable-initial,high,pʰ,pʰ,false,п,п,,registry
ฝ,onset,syllable-initial,high,f,f,false,ф,ф,,registry
พ,onset,syllable-initial,low,pʰ,pʰ,true,п,п,,registry
พ,coda,syllable-final,low,p,p̚,true,п,п,,registry
ฟ,onset,syllable-initial,low,f,f,true,ф,ф,,registry
ฟ,coda,syllable-final,low,p,p̚,true,п,п,,registry
ภ,onset,syllable-initial,low,pʰ,pʰ,true,п,п,,registry
ภ,coda,syllable-final,low,p,p̚,true,п,п,,registry
ม,onset,syllable-initial,low,m,m,true,м,м,,registry
ม,coda,syllable-final,low,m,m,true,м,м,,registry
ย,onset,syllable-initial,low,j,j,true,й,й,,registry
ย,coda,syllable-final,low,j,j,true,й,й,,registry
ร,onset,syllable-initial,low,r,r,true,р,р,,registry
ร,coda,syllable-final,low,n,n,true,н,н,,registry
ล,onset,syllable-initial,low,l,l,true,л,л,,registry
ล,coda,syllable-final,low,n,n,true,н,н,,registry
ว,onset,syllable-initial,low,w,w,true,в,в,,registry
ว,coda,syllable-final,low,w,w,true,в,в,,registry
ศ,onset,syllable-initial,high,s,s,true,с,с,,registry
ศ,coda,syllable-final,high,t,t̚,true,т,т,,registry
ษ,onset,syllable-initial,high,s,s,true,с,с,,registry
ษ,coda,syllable-final,high,t,t̚,true,т,т,,registry
ส,onset,syllable-initial,high,s,s,true,с,с,,registry
ส,coda,syllable-final,high,t,t̚,true,т,т,,registry
ห,onset,syllable-initial,high,h,h,false,х,х,,registry
ฬ,onset,syllable-initial,low,l,l,true,л,л,,registry
ฬ,coda,syllable-final,low,n,n,true,н,н,,registry
อ,onset,syllable-initial,mid,ʔ,ʔ,false,,,carrier; not a final consonant in the core inventory,registry
ฮ,onset,syllable-initial,low,h,h,false,х,х,,registry
