id,grapheme,codepoint,class,onset_ipa,coda_ipa,coda_allowed,notes
TH-C-001,ก,U+0E01,mid,k,k,true,
TH-C-002,ข,U+0E02,high,kʰ,k,true,
TH-C-003,ฃ,U+0E03,high,kʰ,k,true,obsolete
TH-C-004,ค,U+0E04,low,kʰ,k,true,
TH-C-005,ฅ,U+0E05,low,kʰ,k,true,obsolete
TH-C-006,ฆ,U+0E06,low,kʰ,k,true,
TH-C-007,ง,U+0E07,low,ŋ,ŋ,true,
TH-C-008,จ,U+0E08,mid,tɕ,t,true,
TH-C-009,ฉ,U+0E09,high,tɕʰ,,false,
TH-C-010,ช,U+0E0A,low,tɕʰ,t,true,
TH-C-011,ซ,U+0E0B,low,s,t,true,
TH-C-012,ฌ,U+0E0C,low,tɕʰ,t,true,
TH-C-013,ญ,U+0E0D,low,j,n,true,
TH-C-014,ฎ,U+0E0E,mid,d,t,true,
TH-C-015,ฏ,U+0E0F,mid,t,t,true,
TH-C-016,ฐ,U+0E10,high,tʰ,t,true,
TH-C-017,ฑ,U+0E11,low,tʰ,t,true,
TH-C-018,ฒ,U+0E12,low,tʰ,t,true,
TH-C-019,ณ,U+0E13,low,n,n,true,
TH-C-020,ด,U+0E14,mid,d,t,true,
TH-C-021,ต,U+0E15,mid,t,t,true,
TH-C-022,ถ,U+0E16,high,tʰ,t,true,
TH-C-023,ท,U+0E17,low,tʰ,t,true,
TH-C-024,ธ,U+0E18,low,tʰ,t,true,
TH-C-025,น,U+0E19,low,n,n,true,
TH-C-026,บ,U+0E1A,mid,b,p,true,
TH-C-027,ป,U+0E1B,mid,p,p,true,
TH-C-028,ผ,U+0E1C,high,pʰ,,false,
TH-C-029,ฝ,U+0E1D,high,f,,false,
TH-C-030,พ,U+0E1E,low,pʰ,p,true,
TH-C-031,ฟ,U+0E1F,low,f,p,true,
TH-C-032,ภ,U+0E20,low,pʰ,p,true,
TH-C-033,ม,U+0E21,low,m,m,true,
TH-C-034,ย,U+0E22,low,j,j,true,
TH-C-035,ร,U+0E23,low,r,n,true,
TH-C-036,ล,U+0E25,low,l,n,true,
TH-C-037,ว,U+0E27,low,w,w,true,
TH-C-038,ศ,U+0E28,high,s,t,true,
TH-C-039,ษ,U+0E29,high,s,t,true,
TH-C-040,ส,U+0E2A,high,s,t,true,
TH-C-041,ห,U+0E2B,high,h,,false,
TH-C-042,ฬ,U+0E2C,low,l,n,true,
TH-C-043,อ,U+0E2D,mid,ʔ,,true,carrier
TH-C-044,ฮ,U+0E2E,low,h,,false,
