thai_ipa,ua_candidate,distance,dimension,status
p,p,0,segmental,seed
pʰ,p,1,segmental,heuristic
t,t,0,segmental,seed
tʰ,t,1,segmental,heuristic
k,k,0,segmental,seed
kʰ,k,1,segmental,heuristic
b,b,0,segmental,seed
d,d,0,segmental,seed
tɕ,tʃ,1,segmental,heuristic
tɕʰ,tʃ,2,segmental,heuristic
m,m,0,segmental,seed
n,n,0,segmental,seed
ŋ,UNRESOLVED,99,segmental,unresolved
f,f,0,segmental,seed
s,s,0,segmental,seed
h,h,0,segmental,seed
w,w,0,segmental,seed
j,j,0,segmental,seed
r,r,0,segmental,seed
l,l,0,segmental,seed
ʔ,UNRESOLVED,99,segmental,unresolved
