id,orthographic_pattern,ipa,length,kind,status
V-01,อิ,i,short,monophthong,core
V-02,อี,iː,long,monophthong,core
V-03,เอะ,e,short,monophthong,core
V-04,เอ,eː,long,monophthong,core
V-05,แอะ,ɛ,short,monophthong,core
V-06,แอ,ɛː,long,monophthong,core
V-07,อึ,ɯ,short,monophthong,core
V-08,อือ,ɯː,long,monophthong,core
V-09,เออะ,ɤ,short,monophthong,core
V-10,เออ,ɤː,long,monophthong,core
V-11,อะ,a,short,monophthong,core
V-12,อา,aː,long,monophthong,core
V-13,อุ,u,short,monophthong,core
V-14,อู,uː,long,monophthong,core
V-15,โอะ,o,short,monophthong,core
V-16,โอ,oː,long,monophthong,core
V-17,เอาะ,ɔ,short,monophthong,core
V-18,ออ,ɔː,long,monophthong,core
V-19,เอียะ,ia,short,diphthong,analysis-dependent
V-20,เอีย,iaː,long,diphthong,analysis-dependent
V-21,เอือะ,ɯa,short,diphthong,analysis-dependent
V-22,เอือ,ɯaː,long,diphthong,analysis-dependent
V-23,อัวะ,ua,short,diphthong,analysis-dependent
V-24,อัว,uaː,long,diphthong,analysis-dependent
