segment_id,ipa,consonantal,sonorant,syllabic,voice,continuant,nasal,lateral,rhotic,labial,coronal,dorsal,palatal,palatalized,affricate,aspirated,long
UA-C-001,p,1,0,0,0,0,0,0,0,1,0,0,0,0,0,0,0
UA-C-002,b,1,0,0,1,0,0,0,0,1,0,0,0,0,0,0,0
UA-C-003,m,1,1,0,1,0,1,0,0,1,0,0,0,0,0,0,0
UA-C-004,f,1,0,0,0,1,0,0,0,1,0,0,0,0,0,0,0
UA-C-006,t,1,0,0,0,0,0,0,0,0,1,0,0,0,0,0,0
UA-C-007,d,1,0,0,1,0,0,0,0,0,1,0,0,0,0,0,0
UA-C-008,n,1,1,0,1,0,1,0,0,0,1,0,0,0,0,0,0
UA-C-009,l,1,1,0,1,1,0,1,0,0,1,0,0,0,0,0,0
UA-C-010,r,1,1,0,1,1,0,0,1,0,1,0,0,0,0,0,0
UA-C-011,s,1,0,0,0,1,0,0,0,0,1,0,0,0,0,0,0
UA-C-015,t͡ʃ,1,0,0,0,1,0,0,0,0,1,0,0,0,1,0,0
UA-C-016,d͡ʒ,1,0,0,1,1,0,0,0,0,1,0,0,0,1,0,0
UA-C-019,k,1,0,0,0,0,0,0,0,0,0,1,0,0,0,0,0
UA-C-020,ɡ,1,0,0,1,0,0,0,0,0,0,1,0,0,0,0,0
UA-C-022,ɦ,1,0,0,1,1,0,0,0,0,0,0,0,0,0,0,0
UA-C-023,j,1,1,0,1,1,0,0,0,0,0,0,1,0,0,0,0
UA-C-005,ʋ,1,1,0,1,1,0,0,0,1,0,0,0,0,0,0,0
UA-V-001,i,0,0,1,0,0,0,0,0,0,0,0,0,0,0,0
UA-V-003,ɛ,0,0,1,0,0,0,0,0,0,0,0,0,0,0,0
UA-V-004,a,0,0,1,0,0,0,0,0,0,0,0,0,0,0
UA-V-005,ɔ,0,0,1,0,0,0,0,0,0,0,0,0,0,0
UA-V-006,u,0,0,1,0,0,0,0,0,0,0,0,0,0,0
